-- phpMyAdmin SQL Dump
-- version 5.0.2
-- https://www.phpmyadmin.net/
--
-- Servidor: 127.0.0.1:3306
-- Tiempo de generación: 28-05-2021 a las 19:40:42
-- Versión del servidor: 8.0.21
-- Versión de PHP: 7.3.21

SET SQL_MODE = "NO_AUTO_VALUE_ON_ZERO";
START TRANSACTION;
SET time_zone = "+00:00";


/*!40101 SET @OLD_CHARACTER_SET_CLIENT=@@CHARACTER_SET_CLIENT */;
/*!40101 SET @OLD_CHARACTER_SET_RESULTS=@@CHARACTER_SET_RESULTS */;
/*!40101 SET @OLD_COLLATION_CONNECTION=@@COLLATION_CONNECTION */;
/*!40101 SET NAMES utf8mb4 */;

--
-- Base de datos: `notaria`
--

-- --------------------------------------------------------

--
-- Estructura de tabla para la tabla `procedures`
--

DROP TABLE IF EXISTS `procedures`;
CREATE TABLE IF NOT EXISTS `procedures` (
  `id` int NOT NULL AUTO_INCREMENT,
  `procedure_number` int NOT NULL,
  `procedure_date` varchar(50) NOT NULL,
  `user_id` int NOT NULL,
  `procedure_type_id` int NOT NULL,
  `autor_id` int NOT NULL,
  PRIMARY KEY (`id`)
) ENGINE=InnoDB AUTO_INCREMENT=1008 DEFAULT CHARSET=utf8mb4 COLLATE=utf8mb4_0900_ai_ci;

--
-- Volcado de datos para la tabla `procedures`
--

INSERT INTO `procedures` (`id`, `procedure_number`, `procedure_date`, `user_id`, `procedure_type_id`, `autor_id`) VALUES
(1, 6284, '1618011971.035', 47, 4, 4),
(2, 6140, '1612850579.823', 80, 10, 5),
(3, 8050, '1622101188.114', 91, 10, 6),
(4, 9650, '1619324399.321', 34, 9, 5),
(5, 7813, '1618482167.008', 18, 2, 5),
(6, 8184, '1612695184.601', 69, 9, 5),
(7, 7408, '1616814874.546', 16, 1, 6),
(8, 2505, '1616632186.536', 32, 1, 4),
(9, 2409, '1619599543.283', 37, 8, 5),
(10, 2390, '1619808922.662', 85, 9, 6),
(11, 7970, '1618710972.437', 68, 5, 6),
(12, 6995, '1614332066.685', 60, 5, 6),
(13, 3285, '1614986175.43', 50, 3, 6),
(14, 9507, '1619127191.567', 37, 10, 4),
(15, 4458, '1615191054.94', 42, 4, 4),
(16, 2731, '1612565979.113', 60, 6, 6),
(17, 2201, '1616028228.886', 45, 10, 5),
(18, 4245, '1615130088.09', 13, 9, 5),
(19, 5434, '1617629462.334', 63, 4, 5),
(20, 1706, '1616190663.907', 97, 9, 4),
(21, 9016, '1613788417.336', 45, 4, 4),
(22, 445, '1612169644.994', 32, 3, 5),
(23, 256, '1621550561.157', 39, 4, 6),
(24, 2235, '1613363857.395', 8, 2, 6),
(25, 5000, '1615055375.63', 68, 10, 4),
(26, 5525, '1612213394.452', 92, 6, 5),
(27, 8160, '1617525168.643', 59, 6, 4),
(28, 6279, '1613850100.516', 45, 7, 5),
(29, 2832, '1617308731.248', 17, 4, 5),
(30, 6969, '1612451396.874', 53, 7, 5),
(31, 4942, '1614266725.612', 94, 5, 6),
(32, 9548, '1613818495.533', 97, 1, 6),
(33, 5318, '1620446757.999', 52, 6, 4),
(34, 6548, '1619478277.522', 58, 4, 6),
(35, 5812, '1620939162.053', 34, 4, 4),
(36, 601, '1619328550.406', 35, 4, 4),
(37, 6645, '1613804486.232', 21, 2, 4),
(38, 7078, '1619743163.157', 30, 4, 5),
(39, 5379, '1615561197.393', 19, 6, 6),
(40, 3867, '1613151963.778', 18, 4, 6),
(41, 2209, '1614074326.166', 76, 6, 4),
(42, 9367, '1618958805.084', 40, 6, 4),
(43, 3613, '1614347206.89', 46, 4, 6),
(44, 9825, '1621674650.51', 51, 6, 4),
(45, 8915, '1612627748.599', 94, 7, 4),
(46, 456, '1612308290.643', 9, 6, 4),
(47, 8132, '1621141902.977', 49, 2, 4),
(48, 3418, '1615500820.555', 75, 3, 6),
(49, 1192, '1617403569.678', 67, 9, 5),
(50, 6244, '1621673325.489', 48, 10, 5),
(51, 9019, '1615620440.817', 79, 7, 4),
(52, 2329, '1619437538.269', 31, 7, 6),
(53, 7452, '1614729940.298', 46, 9, 5),
(54, 7613, '1616707830.894', 84, 1, 5),
(55, 5463, '1620789506.178', 99, 7, 6),
(56, 2415, '1619564800.104', 98, 9, 6),
(57, 531, '1619273906.418', 82, 9, 4),
(58, 5012, '1618962395.418', 100, 2, 6),
(59, 3808, '1622190311.155', 31, 5, 4),
(60, 7647, '1614128108.284', 9, 6, 5),
(61, 6564, '1620417655.182', 43, 2, 4),
(62, 7869, '1612159544.961', 36, 3, 4),
(63, 93, '1612231787.097', 45, 5, 4),
(64, 3847, '1617386779.799', 42, 1, 5),
(65, 5498, '1618670597.196', 41, 3, 6),
(66, 8908, '1614490810.999', 37, 1, 4),
(67, 5029, '1614714857.914', 7, 9, 5),
(68, 3410, '1613733715.801', 39, 2, 4),
(69, 7028, '1612799830.128', 96, 8, 5),
(70, 1860, '1617309245.999', 14, 9, 6),
(71, 3079, '1618503113.815', 52, 10, 6),
(72, 5088, '1622198100.545', 86, 6, 5),
(73, 6291, '1617217627.59', 62, 10, 4),
(74, 5601, '1612230584.746', 77, 4, 5),
(75, 5069, '1616031900.459', 45, 3, 4),
(76, 1416, '1613355140.248', 16, 8, 5),
(77, 841, '1622024063.7', 63, 6, 6),
(78, 6976, '1619724568.358', 31, 3, 6),
(79, 4306, '1614329766.218', 72, 3, 6),
(80, 6159, '1617637623.945', 94, 1, 4),
(81, 8433, '1615166609.519', 33, 4, 4),
(82, 8943, '1616589754.972', 88, 3, 5),
(83, 908, '1622020572.317', 28, 7, 6),
(84, 509, '1621667217.369', 49, 3, 6),
(85, 3175, '1617275827.037', 17, 8, 4),
(86, 6257, '1618122678.758', 92, 1, 5),
(87, 7675, '1619697609.567', 75, 5, 6),
(88, 1288, '1618936430.255', 57, 8, 4),
(89, 9566, '1613713073.869', 9, 1, 6),
(90, 1124, '1614380460.486', 93, 8, 5),
(91, 6037, '1615605591.568', 77, 7, 6),
(92, 8563, '1621193301.384', 91, 5, 6),
(93, 3990, '1619401034.801', 15, 8, 6),
(94, 4474, '1621621923.553', 97, 2, 5),
(95, 1172, '1621900161.316', 17, 7, 6),
(96, 211, '1617178417.92', 57, 4, 6),
(97, 2723, '1614194940.25', 54, 5, 4),
(98, 7630, '1621399236.227', 75, 7, 5),
(99, 163, '1617696706.74', 25, 10, 5),
(100, 7868, '1618469411.98', 87, 9, 4),
(101, 9415, '1614409901.972', 61, 1, 4),
(102, 8953, '1614023194.706', 102, 1, 4),
(103, 3164, '1619520499.677', 37, 2, 5),
(104, 4306, '1615481137.825', 10, 6, 5),
(105, 6941, '1617696751.791', 97, 1, 6),
(106, 6988, '1616576119.869', 82, 7, 5),
(107, 1860, '1613279602.398', 49, 7, 6),
(108, 4315, '1615051281.673', 25, 2, 4),
(109, 2273, '1614833816.682', 9, 4, 4),
(110, 3519, '1621173013.825', 51, 8, 6),
(111, 8223, '1617782862.406', 78, 1, 5),
(112, 5695, '1618918064.016', 101, 8, 6),
(113, 4357, '1615917030.897', 86, 3, 5),
(114, 3904, '1618352499.492', 65, 8, 5),
(115, 4076, '1620449742.06', 67, 9, 6),
(116, 6113, '1615581058.067', 27, 10, 4),
(117, 7966, '1620669103.141', 66, 6, 5),
(118, 4482, '1621761347.18', 8, 3, 4),
(119, 8821, '1617562684.244', 69, 9, 5),
(120, 2428, '1621592617.377', 27, 6, 4),
(121, 2329, '1620383843.35', 22, 9, 6),
(122, 6245, '1618436601.752', 80, 7, 5),
(123, 2217, '1616590721.863', 102, 1, 5),
(124, 6323, '1616057071.154', 74, 7, 6),
(125, 980, '1615143509.511', 57, 10, 6),
(126, 3560, '1620064599.566', 100, 6, 4),
(127, 7508, '1616331011.844', 32, 9, 5),
(128, 8710, '1619279239.793', 25, 2, 6),
(129, 1910, '1613068505.871', 7, 2, 4),
(130, 9486, '1614109334.799', 15, 10, 5),
(131, 7064, '1614031262.891', 76, 3, 5),
(132, 1204, '1618004135.415', 58, 8, 5),
(133, 5389, '1613842810.667', 45, 8, 6),
(134, 3070, '1615931023.88', 77, 9, 5),
(135, 6711, '1613729299.273', 102, 4, 5),
(136, 9770, '1620760309.314', 50, 1, 5),
(137, 7723, '1613140720.408', 15, 8, 4),
(138, 940, '1617444156.775', 18, 9, 4),
(139, 1011, '1613166616.888', 87, 4, 6),
(140, 9363, '1616133347.828', 40, 3, 6),
(141, 8240, '1615202236.967', 67, 3, 5),
(142, 4787, '1620331908.771', 76, 5, 5),
(143, 8084, '1614621347.8', 82, 9, 4),
(144, 1461, '1613248843.929', 92, 1, 4),
(145, 6840, '1617851086.165', 82, 2, 6),
(146, 929, '1614008183.997', 57, 5, 5),
(147, 8220, '1619779713.943', 19, 10, 5),
(148, 7977, '1620795652.712', 33, 7, 4),
(149, 3013, '1618532807.46', 75, 10, 5),
(150, 4482, '1616278640.928', 73, 5, 4),
(151, 6289, '1618722870.245', 53, 10, 4),
(152, 308, '1616971810.328', 40, 8, 5),
(153, 887, '1616862776.438', 52, 2, 6),
(154, 260, '1620269821.835', 99, 9, 5),
(155, 6542, '1617117851.97', 60, 1, 4),
(156, 801, '1622257092.16', 7, 8, 6),
(157, 8633, '1619788151.145', 72, 4, 4),
(158, 7202, '1622273241.22', 73, 8, 6),
(159, 3042, '1618746253.216', 20, 1, 5),
(160, 6196, '1613459960.391', 72, 10, 6),
(161, 3157, '1620292931.368', 43, 10, 4),
(162, 2629, '1613225822.595', 57, 2, 4),
(163, 9277, '1621658860.241', 100, 3, 5),
(164, 8071, '1615564736.375', 74, 6, 4),
(165, 157, '1619870956.511', 42, 7, 6),
(166, 9965, '1618215798.699', 95, 5, 4),
(167, 4780, '1615350757.707', 15, 10, 6),
(168, 2731, '1620302689.189', 34, 1, 6),
(169, 1317, '1612961958.358', 8, 2, 5),
(170, 3524, '1618767765.868', 90, 10, 6),
(171, 7633, '1619844465.219', 73, 9, 4),
(172, 8442, '1619543504.285', 19, 10, 6),
(173, 2961, '1619570989.577', 15, 9, 5),
(174, 7305, '1617446818.737', 38, 6, 6),
(175, 8347, '1620451716.841', 59, 1, 4),
(176, 6439, '1615294429.378', 87, 4, 5),
(177, 5223, '1612396295.889', 77, 10, 4),
(178, 5021, '1617164194.295', 25, 10, 5),
(179, 6650, '1616825504.169', 8, 2, 6),
(180, 3591, '1616000518.926', 80, 10, 6),
(181, 3484, '1614364757.28', 88, 7, 4),
(182, 4178, '1616247535.031', 26, 10, 4),
(183, 9035, '1617174112.841', 35, 7, 4),
(184, 5416, '1615518241.058', 54, 1, 6),
(185, 8916, '1617533882.632', 44, 1, 4),
(186, 4933, '1619090042.334', 67, 10, 6),
(187, 456, '1621233480.41', 51, 9, 6),
(188, 1933, '1615872579.758', 94, 7, 5),
(189, 1136, '1622307702.266', 102, 10, 4),
(190, 4174, '1616674791.642', 36, 9, 6),
(191, 2037, '1615829425.555', 67, 7, 6),
(192, 1583, '1616825169.08', 97, 9, 6),
(193, 4282, '1614780796.886', 25, 3, 5),
(194, 2411, '1615554559.841', 42, 9, 5),
(195, 6960, '1612432856.994', 94, 2, 6),
(196, 9917, '1618731256.949', 13, 9, 6),
(197, 7214, '1613729538.792', 28, 3, 5),
(198, 6908, '1616081463.857', 74, 6, 4),
(199, 4975, '1617097258.517', 87, 8, 4),
(200, 6210, '1613339863.87', 10, 5, 4),
(201, 1003, '1621641924.579', 97, 10, 6),
(202, 2443, '1613295366.822', 32, 2, 6),
(203, 9938, '1614288153.761', 14, 10, 5),
(204, 3714, '1615902201.029', 50, 3, 5),
(205, 9008, '1615106593.915', 62, 3, 4),
(206, 4874, '1618155771.291', 102, 9, 5),
(207, 9020, '1613534676.641', 71, 9, 5),
(208, 7859, '1622283217.59', 8, 8, 6),
(209, 8826, '1615880692.807', 35, 6, 4),
(210, 9239, '1614046720.495', 45, 3, 4),
(211, 8177, '1618604014.381', 20, 2, 6),
(212, 289, '1613953494.992', 58, 5, 5),
(213, 8624, '1621917298.892', 51, 6, 6),
(214, 2822, '1616635712.669', 102, 9, 4),
(215, 3255, '1613190263.107', 61, 6, 4),
(216, 5187, '1617791119.249', 29, 2, 5),
(217, 5282, '1618054690.2', 96, 6, 4),
(218, 7379, '1617723253.002', 89, 1, 5),
(219, 4400, '1619985980.097', 28, 6, 4),
(220, 5787, '1617665603.736', 37, 2, 4),
(221, 5597, '1615759100.127', 27, 2, 5),
(222, 7024, '1617024637.202', 26, 8, 4),
(223, 3833, '1612650323.162', 16, 7, 5),
(224, 1699, '1615534949.663', 85, 7, 5),
(225, 1690, '1617964603.605', 40, 6, 4),
(226, 8471, '1618776795.881', 27, 1, 4),
(227, 453, '1614183768.994', 84, 9, 4),
(228, 8622, '1622341776.342', 78, 6, 5),
(229, 184, '1615185763.083', 8, 2, 5),
(230, 5787, '1619582155.447', 71, 9, 5),
(231, 2765, '1613783378.558', 86, 3, 6),
(232, 7673, '1621342911.234', 93, 9, 6),
(233, 2098, '1619140677.849', 90, 9, 5),
(234, 4130, '1615039120.481', 47, 6, 4),
(235, 7601, '1616685454.943', 59, 4, 5),
(236, 3800, '1620688713.758', 80, 3, 6),
(237, 7277, '1619117613.497', 89, 4, 5),
(238, 3354, '1612786113.545', 67, 5, 5),
(239, 7017, '1617066565.006', 46, 4, 4),
(240, 8653, '1614737839.637', 49, 10, 6),
(241, 4062, '1622087643.238', 85, 10, 4),
(242, 8239, '1621619574.995', 73, 3, 4),
(243, 9671, '1619260629.601', 91, 7, 4),
(244, 8747, '1619444945.722', 30, 7, 4),
(245, 4256, '1621892201.009', 18, 4, 4),
(246, 5328, '1620657840.692', 68, 4, 6),
(247, 1533, '1619870184.025', 12, 4, 5),
(248, 6114, '1613261663.756', 87, 9, 6),
(249, 4796, '1621912737.28', 27, 1, 5),
(250, 2671, '1622183451.873', 39, 7, 5),
(251, 6069, '1620886146.849', 77, 5, 5),
(252, 274, '1616837227.891', 67, 9, 5),
(253, 705, '1613951036.177', 60, 2, 4),
(254, 1929, '1613675354.251', 16, 3, 5),
(255, 4121, '1615236901.614', 29, 6, 6),
(256, 3523, '1615294879.116', 46, 9, 6),
(257, 4922, '1617173781.418', 25, 10, 6),
(258, 826, '1619705305.115', 29, 4, 6),
(259, 8099, '1613440488.349', 82, 3, 6),
(260, 3678, '1621175035.687', 22, 9, 4),
(261, 2866, '1612956451.922', 61, 10, 6),
(262, 5478, '1614765133.655', 34, 6, 5),
(263, 1445, '1622211392.308', 88, 9, 4),
(264, 3537, '1614502114.691', 76, 2, 4),
(265, 951, '1613761699.005', 52, 2, 6),
(266, 5948, '1615065760.432', 68, 10, 5),
(267, 1429, '1617527165.599', 44, 3, 5),
(268, 6890, '1619825607.179', 77, 4, 5),
(269, 6879, '1616154755.397', 80, 4, 4),
(270, 9828, '1615863797.405', 21, 2, 6),
(271, 438, '1613822745.604', 91, 9, 5),
(272, 423, '1621571996.305', 54, 3, 6),
(273, 95, '1616290578.845', 67, 5, 5),
(274, 3658, '1615169136.011', 55, 3, 6),
(275, 1429, '1613322846.483', 25, 4, 4),
(276, 5552, '1613829355.26', 57, 2, 6),
(277, 764, '1618026533.446', 29, 7, 6),
(278, 4762, '1620921671.365', 29, 4, 6),
(279, 5997, '1614149518.221', 95, 1, 5),
(280, 3646, '1612704913.258', 50, 1, 5),
(281, 2284, '1614061896.138', 8, 7, 4),
(282, 1602, '1616339083.55', 88, 9, 6),
(283, 9682, '1616054184.167', 78, 2, 6),
(284, 4076, '1618738689.757', 63, 8, 5),
(285, 6310, '1621302248.453', 89, 8, 6),
(286, 713, '1613591629.015', 64, 4, 6),
(287, 5687, '1616601807.727', 39, 9, 6),
(288, 1277, '1618621633.614', 101, 2, 6),
(289, 8181, '1615344692.535', 24, 10, 5),
(290, 260, '1614070626.934', 52, 10, 6),
(291, 1823, '1612916771.076', 64, 1, 6),
(292, 2383, '1618609882.992', 33, 9, 6),
(293, 7537, '1617675212.955', 25, 5, 6),
(294, 7812, '1612178192.469', 69, 8, 5),
(295, 3733, '1615662767.747', 20, 10, 5),
(296, 4419, '1617801734.141', 55, 6, 6),
(297, 2687, '1613290719.096', 99, 4, 5),
(298, 2577, '1612304281.977', 46, 10, 4),
(299, 9294, '1616350700.189', 72, 3, 5),
(300, 3997, '1619454621.172', 14, 2, 5),
(301, 6636, '1618647612.688', 10, 8, 4),
(302, 4527, '1617592949.172', 52, 3, 4),
(303, 1999, '1615889872.388', 14, 10, 5),
(304, 2661, '1614279982.997', 82, 3, 5),
(305, 8227, '1617132546.105', 22, 1, 5),
(306, 9829, '1620170671.023', 80, 3, 4),
(307, 393, '1621784627.236', 73, 5, 5),
(308, 2549, '1620985843.113', 98, 4, 6),
(309, 8991, '1613138841.825', 55, 8, 5),
(310, 1215, '1618909661.79', 11, 7, 5),
(311, 5897, '1614746377.236', 36, 5, 6),
(312, 9401, '1615409225.986', 42, 2, 5),
(313, 1324, '1612497328.368', 98, 5, 6),
(314, 6881, '1621533759.91', 47, 4, 5),
(315, 6717, '1617094327.251', 22, 1, 4),
(316, 2485, '1622023004.928', 46, 7, 4),
(317, 9980, '1616321338.764', 28, 3, 4),
(318, 3377, '1618383927.05', 82, 3, 5),
(319, 837, '1614905723.124', 7, 7, 4),
(320, 8944, '1614390031.651', 24, 5, 4),
(321, 8843, '1622220789.542', 71, 1, 5),
(322, 2921, '1616848929.838', 16, 4, 4),
(323, 5696, '1613564039.401', 19, 7, 5),
(324, 1061, '1616801945.675', 66, 8, 5),
(325, 9520, '1616709719.12', 59, 4, 4),
(326, 7022, '1617005204.565', 58, 7, 6),
(327, 7785, '1621294139.484', 15, 9, 4),
(328, 2471, '1615906170.172', 30, 10, 4),
(329, 6270, '1620276186.288', 51, 2, 6),
(330, 5213, '1613527572.509', 13, 8, 4),
(331, 6607, '1615095656.254', 74, 4, 6),
(332, 7092, '1614114033.112', 90, 10, 4),
(333, 6295, '1619801002.968', 81, 1, 4),
(334, 3483, '1621866747.751', 87, 3, 5),
(335, 7286, '1620079523.027', 26, 7, 4),
(336, 4610, '1614595536.28', 42, 8, 6),
(337, 9747, '1619791369.457', 11, 1, 5),
(338, 8203, '1612562734.853', 65, 7, 4),
(339, 9250, '1617058740.446', 18, 2, 5),
(340, 4823, '1617095601.474', 86, 2, 6),
(341, 3050, '1615909128.454', 22, 10, 6),
(342, 5601, '1617311510.131', 56, 5, 6),
(343, 7716, '1617622126.046', 35, 9, 6),
(344, 558, '1620824927.8', 60, 9, 6),
(345, 5289, '1612946695.506', 19, 5, 4),
(346, 7405, '1616493251.51', 69, 1, 5),
(347, 9603, '1621353418.22', 75, 2, 6),
(348, 1323, '1620921478.049', 61, 4, 6),
(349, 7345, '1612508439.343', 64, 9, 5),
(350, 7638, '1618668938.627', 13, 9, 6),
(351, 2737, '1621714735.485', 23, 7, 5),
(352, 5138, '1613960119.773', 19, 6, 6),
(353, 888, '1615427486.609', 56, 2, 6),
(354, 6423, '1620846756.718', 83, 1, 4),
(355, 7349, '1614318586.395', 70, 7, 4),
(356, 8389, '1618424826.955', 76, 3, 6),
(357, 829, '1613851608.57', 58, 4, 4),
(358, 7090, '1616608818.14', 24, 10, 5),
(359, 7154, '1620924768.352', 74, 8, 4),
(360, 6009, '1612966514.9', 60, 3, 4),
(361, 5217, '1612774204.589', 15, 2, 4),
(362, 5049, '1617158279.359', 57, 10, 4),
(363, 7720, '1620622265.893', 30, 5, 5),
(364, 3144, '1622089759.856', 38, 5, 4),
(365, 7746, '1619081353.722', 54, 6, 5),
(366, 6353, '1619418981.9', 29, 10, 6),
(367, 6655, '1614293030.284', 29, 7, 5),
(368, 6136, '1620078072.263', 84, 3, 6),
(369, 6672, '1615470289.334', 79, 3, 6),
(370, 4005, '1614281401.026', 57, 6, 5),
(371, 4245, '1613591780.772', 20, 3, 6),
(372, 4419, '1614890281.504', 63, 5, 5),
(373, 7519, '1620720219.335', 9, 6, 5),
(374, 2806, '1618675179.176', 69, 4, 5),
(375, 3398, '1619520622.574', 47, 8, 6),
(376, 5865, '1621621571.393', 81, 10, 6),
(377, 2529, '1615895178.142', 62, 3, 5),
(378, 2150, '1622256648.565', 87, 7, 4),
(379, 4124, '1612600390.593', 60, 3, 6),
(380, 7347, '1615177131.864', 26, 1, 4),
(381, 9056, '1616191240.595', 58, 1, 5),
(382, 9617, '1618581640.467', 77, 3, 6),
(383, 7844, '1621270783.93', 26, 1, 6),
(384, 1923, '1615356670.503', 53, 7, 4),
(385, 9727, '1617136388.72', 69, 1, 4),
(386, 7685, '1617055280.953', 91, 3, 5),
(387, 8563, '1613338770.062', 87, 4, 6),
(388, 9303, '1619050581.099', 83, 1, 5),
(389, 6459, '1617704008.54', 56, 10, 4),
(390, 2728, '1612180869.906', 31, 10, 5),
(391, 6166, '1613935145.533', 17, 10, 4),
(392, 4767, '1620467283.605', 57, 8, 6),
(393, 3250, '1613613421.018', 48, 4, 4),
(394, 9384, '1619986566.307', 37, 10, 4),
(395, 4638, '1621865767.035', 10, 3, 5),
(396, 3138, '1616855691.585', 82, 3, 5),
(397, 1826, '1615353595.33', 78, 9, 6),
(398, 8781, '1620139661.569', 34, 5, 5),
(399, 7404, '1621375854.902', 64, 6, 6),
(400, 7224, '1614965330.237', 30, 9, 4),
(401, 5013, '1615824964.159', 69, 2, 6),
(402, 3749, '1619721216.751', 51, 3, 4),
(403, 7539, '1616558364.433', 63, 8, 5),
(404, 7718, '1619556641.796', 101, 5, 6),
(405, 6543, '1620845590.463', 72, 8, 4),
(406, 7886, '1618188754.338', 100, 10, 4),
(407, 826, '1616411010.965', 52, 8, 4),
(408, 8776, '1615047641.027', 44, 10, 4),
(409, 2024, '1617384198.521', 34, 5, 6),
(410, 9460, '1619662767.321', 71, 10, 6),
(411, 8174, '1621613425.86', 9, 3, 6),
(412, 932, '1612669007.166', 23, 9, 4),
(413, 9513, '1615640773.202', 40, 7, 4),
(414, 6681, '1622258197.36', 100, 3, 4),
(415, 9817, '1619787324.504', 11, 3, 6),
(416, 8780, '1612948635.315', 79, 1, 6),
(417, 9997, '1620313228.066', 73, 8, 4),
(418, 717, '1617982397.125', 98, 6, 6),
(419, 3909, '1613578800.981', 10, 1, 5),
(420, 4528, '1617409695.101', 40, 9, 6),
(421, 7131, '1614200823.644', 47, 5, 4),
(422, 8005, '1614970465.789', 78, 7, 5),
(423, 3970, '1621060187.775', 97, 3, 4),
(424, 9493, '1620955590.76', 15, 1, 6),
(425, 7151, '1620580345.81', 67, 5, 5),
(426, 4341, '1621393495.164', 66, 4, 5),
(427, 2596, '1617941603.938', 99, 2, 5),
(428, 1237, '1612172541.421', 36, 8, 6),
(429, 6446, '1612736660.633', 79, 3, 4),
(430, 1624, '1612176375.381', 99, 2, 6),
(431, 5060, '1612806640.596', 73, 1, 4),
(432, 4478, '1621648496.571', 22, 3, 4),
(433, 5488, '1612185760.335', 13, 10, 5),
(434, 4810, '1621282445.234', 102, 10, 4),
(435, 7250, '1617332608.538', 49, 9, 6),
(436, 6335, '1617362398.887', 26, 5, 4),
(437, 8067, '1620079493.644', 29, 2, 5),
(438, 9285, '1615288314.816', 92, 6, 5),
(439, 7610, '1615827742.29', 102, 2, 6),
(440, 3118, '1614341225.44', 62, 2, 5),
(441, 3229, '1614874138.875', 78, 8, 5),
(442, 6814, '1619426142.674', 11, 2, 4),
(443, 1340, '1613809613.36', 82, 3, 6),
(444, 6977, '1620574097.001', 40, 2, 6),
(445, 2653, '1618618925.096', 49, 2, 5),
(446, 7855, '1616559038.442', 65, 2, 5),
(447, 4718, '1615372637.358', 27, 10, 5),
(448, 1087, '1621678403.997', 46, 1, 4),
(449, 1965, '1621196782.005', 80, 2, 5),
(450, 4306, '1620895929.312', 80, 3, 4),
(451, 4189, '1620857633.287', 36, 4, 5),
(452, 5967, '1619080322.089', 74, 2, 4),
(453, 419, '1612560748.895', 88, 9, 5),
(454, 4366, '1622256824.852', 60, 7, 4),
(455, 6261, '1618896839.259', 37, 3, 4),
(456, 5168, '1612423763.818', 11, 3, 6),
(457, 257, '1621052027.559', 87, 9, 4),
(458, 4512, '1615121429.169', 62, 2, 6),
(459, 5581, '1614836892.455', 19, 10, 5),
(460, 579, '1621186300.179', 62, 10, 6),
(461, 7750, '1614717195.097', 55, 10, 4),
(462, 549, '1621854629.743', 86, 4, 6),
(463, 6282, '1619205644.606', 29, 9, 6),
(464, 3010, '1617982793.971', 47, 4, 4),
(465, 1134, '1622106436.501', 26, 4, 5),
(466, 3779, '1618012621.588', 88, 9, 5),
(467, 8298, '1614753487.388', 17, 8, 4),
(468, 8807, '1619175683.941', 48, 3, 5),
(469, 461, '1621001307.737', 68, 4, 6),
(470, 6522, '1617908598.737', 49, 7, 4),
(471, 4938, '1618958538.163', 83, 4, 6),
(472, 304, '1617487409.684', 16, 4, 6),
(473, 6885, '1616783219.639', 102, 5, 5),
(474, 3974, '1622325539.878', 84, 9, 5),
(475, 4689, '1616267003.593', 9, 2, 6),
(476, 2951, '1617271823.021', 61, 5, 6),
(477, 4995, '1613660933.079', 44, 9, 6),
(478, 2890, '1621599549.41', 21, 8, 6),
(479, 9530, '1614087159.766', 12, 10, 6),
(480, 9290, '1620760461.574', 53, 4, 4),
(481, 117, '1621382916.842', 97, 3, 5),
(482, 1815, '1620993558.218', 18, 7, 5),
(483, 149, '1616027537.578', 74, 2, 4),
(484, 6032, '1618336852.569', 48, 6, 5),
(485, 592, '1615709611.243', 21, 5, 4),
(486, 3426, '1616317873.495', 90, 9, 6),
(487, 8112, '1617588232.485', 60, 10, 5),
(488, 7215, '1620205995.122', 78, 10, 4),
(489, 5844, '1621320169.597', 80, 6, 6),
(490, 3892, '1620939889.094', 85, 9, 5),
(491, 573, '1614389151.886', 62, 7, 6),
(492, 7147, '1618892920.024', 12, 1, 4),
(493, 8828, '1621301778.504', 32, 8, 4),
(494, 9612, '1616893194.001', 54, 5, 6),
(495, 6732, '1620195420.486', 77, 4, 6),
(496, 3713, '1615210648.169', 53, 2, 6),
(497, 7528, '1615842341.245', 82, 3, 6),
(498, 3546, '1613059195.252', 76, 7, 6),
(499, 3820, '1618310690.279', 89, 2, 6),
(500, 1234, '1618432732.434', 73, 1, 5),
(501, 1323, '1620910918.403', 45, 4, 6),
(502, 8580, '1615306366.588', 18, 3, 6),
(503, 7074, '1620794878.554', 52, 9, 5),
(504, 1324, '1618495705.189', 20, 6, 4),
(505, 1531, '1614429468.484', 18, 7, 4),
(506, 7977, '1619411274.29', 62, 9, 4),
(507, 4153, '1619089008.837', 22, 9, 4),
(508, 6710, '1620735943.81', 72, 2, 5),
(509, 8851, '1617784053.196', 94, 6, 4),
(510, 5022, '1618465003.588', 59, 4, 4),
(511, 6051, '1621335567.409', 74, 3, 6),
(512, 6040, '1613156380.933', 42, 7, 5),
(513, 1944, '1618729952.121', 7, 10, 5),
(514, 3833, '1614038475.509', 96, 5, 5),
(515, 2908, '1621187603.642', 12, 3, 6),
(516, 4874, '1615609415.502', 68, 3, 5),
(517, 2343, '1613486496.742', 62, 7, 6),
(518, 9575, '1619767198.948', 30, 2, 4),
(519, 7854, '1616911347.637', 65, 6, 4),
(520, 2275, '1615308961.659', 33, 1, 5),
(521, 6062, '1617114887.108', 29, 2, 5),
(522, 8831, '1613309179.719', 67, 6, 6),
(523, 7819, '1613585639.547', 29, 10, 5),
(524, 7144, '1617999278.975', 54, 2, 5),
(525, 9943, '1617792388.493', 41, 1, 5),
(526, 4639, '1612859747.004', 12, 1, 6),
(527, 872, '1621644566.638', 32, 10, 4),
(528, 6706, '1621466058.611', 90, 8, 6),
(529, 3293, '1621689269.451', 71, 10, 4),
(530, 7371, '1621742335.89', 86, 8, 6),
(531, 2994, '1621932244.737', 27, 9, 4),
(532, 5239, '1614605986.191', 87, 4, 6),
(533, 5928, '1621142874.356', 49, 1, 4),
(534, 601, '1621922906.19', 74, 1, 6),
(535, 3975, '1619293451.687', 29, 5, 4),
(536, 7072, '1616137279.696', 58, 6, 6),
(537, 9809, '1618548311.466', 49, 8, 6),
(538, 3826, '1616802246.543', 41, 1, 6),
(539, 9330, '1617450728.303', 11, 8, 5),
(540, 7931, '1620110062.967', 86, 4, 6),
(541, 7562, '1613441157.399', 20, 9, 5),
(542, 5930, '1617220292.257', 100, 7, 4),
(543, 6375, '1621086788.515', 36, 1, 6),
(544, 327, '1614100451.843', 35, 4, 6),
(545, 4352, '1622189610.227', 101, 7, 4),
(546, 4573, '1618370332.373', 70, 5, 5),
(547, 5890, '1619692128.534', 23, 3, 5),
(548, 8238, '1620888362.628', 24, 8, 4),
(549, 9724, '1616190406.693', 62, 2, 4),
(550, 3531, '1618945614.227', 93, 2, 6),
(551, 3260, '1615584619.667', 100, 8, 6),
(552, 2899, '1612929658.154', 61, 6, 5),
(553, 4974, '1614532559.178', 16, 4, 4),
(554, 9243, '1616405658.638', 10, 1, 6),
(555, 1094, '1620854509.395', 65, 6, 5),
(556, 8028, '1619168272.196', 23, 5, 4),
(557, 9641, '1621345038.231', 61, 7, 6),
(558, 2079, '1612503241.439', 47, 8, 4),
(559, 5715, '1620218475.654', 56, 9, 4),
(560, 6204, '1620737852.261', 62, 4, 5),
(561, 3392, '1612305002.137', 46, 3, 5),
(562, 4750, '1620486392.455', 57, 9, 4),
(563, 4068, '1616778938.275', 50, 2, 5),
(564, 9938, '1621773870.135', 43, 6, 5),
(565, 5911, '1621882159.076', 19, 2, 4),
(566, 6604, '1621909389.876', 95, 2, 5),
(567, 3336, '1616602286.279', 22, 8, 4),
(568, 7298, '1616742986.955', 49, 1, 4),
(569, 7310, '1619807832.261', 89, 6, 5),
(570, 5553, '1612904849.805', 18, 5, 4),
(571, 3976, '1620347769.542', 94, 3, 6),
(572, 683, '1618514938.565', 98, 9, 6),
(573, 3871, '1617559330.083', 27, 5, 5),
(574, 5898, '1615505116.358', 96, 8, 4),
(575, 2866, '1612885406.587', 28, 4, 6),
(576, 219, '1618478026.293', 37, 9, 5),
(577, 6793, '1620239318.073', 37, 6, 5),
(578, 948, '1615686037.36', 15, 7, 6),
(579, 2071, '1617378912.223', 78, 6, 4),
(580, 7472, '1621756414.898', 74, 5, 5),
(581, 7375, '1614459047.734', 13, 9, 4),
(582, 3510, '1618370418.683', 80, 3, 4),
(583, 1898, '1617052729.473', 101, 5, 4),
(584, 270, '1622300941.369', 57, 7, 5),
(585, 9539, '1614602656.703', 90, 8, 5),
(586, 3533, '1613747327.321', 40, 5, 5),
(587, 2575, '1613795490.094', 78, 6, 6),
(588, 9576, '1617830861.19', 59, 2, 4),
(589, 1688, '1614579370.218', 72, 9, 6),
(590, 2540, '1616162578.325', 16, 4, 6),
(591, 4722, '1616369930.545', 34, 1, 5),
(592, 5442, '1620223577.306', 34, 10, 4),
(593, 8101, '1617204569.438', 56, 6, 6),
(594, 7761, '1621709875.252', 61, 2, 6),
(595, 5024, '1614611955.387', 66, 10, 5),
(596, 9403, '1615799408.183', 69, 2, 6),
(597, 8629, '1613156782.146', 25, 10, 4),
(598, 7879, '1616347431.727', 18, 1, 6),
(599, 6699, '1620253419.257', 16, 2, 6),
(600, 1620, '1619668722.176', 17, 3, 5),
(601, 1871, '1620988606.567', 53, 8, 6),
(602, 7810, '1620520863.396', 48, 8, 5),
(603, 3961, '1618614748.299', 31, 5, 4),
(604, 394, '1618206501.006', 90, 6, 5),
(605, 4266, '1620767695.243', 54, 10, 4),
(606, 7584, '1613473706.018', 59, 2, 5),
(607, 8366, '1619249214.482', 56, 5, 5),
(608, 9315, '1617967007.856', 87, 2, 4),
(609, 4426, '1613317118.537', 18, 2, 4),
(610, 4830, '1614711666.324', 70, 1, 6),
(611, 5980, '1621633245.843', 80, 5, 4),
(612, 1567, '1618600086.631', 42, 7, 5),
(613, 4656, '1621906838.575', 23, 6, 6),
(614, 1739, '1616845829.978', 77, 8, 6),
(615, 9927, '1619773258.091', 90, 7, 5),
(616, 2828, '1613074049.218', 90, 9, 4),
(617, 5232, '1618840499.927', 48, 1, 5),
(618, 2295, '1614025145.472', 51, 3, 4),
(619, 5898, '1617324333.901', 87, 5, 5),
(620, 3636, '1612645007.728', 93, 6, 5),
(621, 6550, '1614534181.952', 73, 7, 6),
(622, 3302, '1617701944.253', 50, 4, 4),
(623, 3890, '1616146399.409', 10, 8, 5),
(624, 3750, '1616303454.266', 26, 2, 4),
(625, 4460, '1621405907.65', 64, 6, 5),
(626, 4612, '1620185155.451', 95, 4, 6),
(627, 1814, '1613762120.857', 93, 3, 6),
(628, 9997, '1612567505.621', 55, 3, 5),
(629, 6168, '1614206382.091', 95, 9, 4),
(630, 3110, '1618101083.821', 60, 3, 5),
(631, 8431, '1615775086.891', 14, 1, 5),
(632, 2301, '1618059649.297', 75, 1, 4),
(633, 8643, '1621558833.37', 24, 8, 4),
(634, 6599, '1615669727.283', 45, 9, 5),
(635, 3310, '1617856955.837', 79, 3, 5),
(636, 8543, '1612985654.563', 7, 3, 4),
(637, 2526, '1617825126.531', 86, 7, 4),
(638, 5008, '1614529655.841', 61, 4, 5),
(639, 428, '1617495612.718', 25, 9, 5),
(640, 516, '1615991825.998', 11, 5, 4),
(641, 2143, '1615958397.279', 94, 9, 6),
(642, 1796, '1621567155.797', 90, 2, 6),
(643, 8136, '1618391196.343', 45, 9, 5),
(644, 9487, '1617294405.488', 28, 7, 4),
(645, 2362, '1612469407.854', 47, 4, 5),
(646, 8911, '1617013541.332', 15, 3, 4),
(647, 8127, '1613733012.908', 66, 7, 4),
(648, 6423, '1613784232.865', 66, 3, 5),
(649, 667, '1614302367.974', 69, 3, 5),
(650, 7874, '1620078774.236', 102, 10, 5),
(651, 8418, '1620777493.839', 12, 1, 6),
(652, 5723, '1621898274.144', 92, 8, 5),
(653, 1876, '1617267046.132', 30, 8, 5),
(654, 3926, '1618698923.26', 57, 1, 6),
(655, 4019, '1612336324.47', 30, 1, 4),
(656, 6500, '1614074422.274', 17, 4, 5),
(657, 7909, '1616585888.516', 52, 3, 5),
(658, 7443, '1613713912.811', 76, 7, 5),
(659, 1743, '1616732809.895', 85, 6, 5),
(660, 4439, '1621252904.199', 30, 5, 6),
(661, 2496, '1615190114.513', 16, 8, 5),
(662, 919, '1613786521.046', 82, 7, 6),
(663, 1049, '1618089801.932', 60, 2, 4),
(664, 6267, '1618546952.257', 69, 1, 5),
(665, 1617, '1612677696.832', 75, 9, 4),
(666, 3973, '1619450357.969', 49, 9, 5),
(667, 8179, '1614273502.299', 50, 10, 5),
(668, 2031, '1614296968.712', 20, 2, 4),
(669, 955, '1616471521.767', 53, 4, 6),
(670, 6867, '1617995754.57', 86, 1, 6),
(671, 1238, '1620288156.101', 14, 2, 6),
(672, 9124, '1613595046.72', 88, 4, 4),
(673, 5171, '1620537429.431', 31, 5, 4),
(674, 357, '1620947726.026', 89, 8, 4),
(675, 5493, '1621459870.98', 39, 2, 5),
(676, 3069, '1615166284.458', 86, 1, 5),
(677, 3678, '1618789660.044', 84, 3, 6),
(678, 7801, '1612934215.838', 76, 7, 6),
(679, 4282, '1621994718.436', 18, 2, 6),
(680, 4280, '1619617440.264', 58, 10, 5),
(681, 9929, '1619642308.482', 86, 6, 4),
(682, 4424, '1618643648.361', 53, 2, 4),
(683, 9787, '1613969268.661', 24, 8, 4),
(684, 1812, '1613089868.052', 77, 6, 6),
(685, 2808, '1614256762.502', 43, 5, 5),
(686, 1444, '1613773892.87', 10, 3, 4),
(687, 1574, '1619974806.038', 42, 5, 5),
(688, 6615, '1615934311.188', 65, 3, 4),
(689, 8118, '1616719339.637', 56, 9, 4),
(690, 1394, '1620022602.686', 37, 7, 4),
(691, 3723, '1616377819.062', 70, 6, 5),
(692, 425, '1614204334.863', 14, 4, 4),
(693, 4359, '1614460505.051', 84, 2, 4),
(694, 5623, '1621686741.479', 15, 4, 6),
(695, 8245, '1612326602.416', 57, 1, 6),
(696, 141, '1621888161.36', 22, 5, 4),
(697, 5491, '1619197707.368', 50, 8, 5),
(698, 254, '1619904038.734', 40, 4, 4),
(699, 8253, '1620310615.45', 13, 2, 5),
(700, 613, '1612472602.948', 14, 3, 4),
(701, 5450, '1617080148.985', 27, 10, 6),
(702, 2485, '1621406534.434', 57, 6, 6),
(703, 812, '1618952424.077', 58, 7, 4),
(704, 1709, '1621107769.181', 50, 10, 4),
(705, 2065, '1615775935.313', 75, 5, 4),
(706, 6462, '1612650535.292', 48, 1, 4),
(707, 4468, '1621185308.184', 30, 9, 5),
(708, 518, '1621803581.834', 29, 10, 4),
(709, 7231, '1616498021.611', 79, 7, 5),
(710, 8598, '1621583035.269', 52, 7, 6),
(711, 3123, '1612391547.174', 58, 2, 5),
(712, 6509, '1622198313.269', 10, 4, 6),
(713, 6078, '1616292415.235', 21, 9, 4),
(714, 9244, '1620079817.638', 50, 10, 6),
(715, 2543, '1621248395.906', 54, 6, 6),
(716, 9460, '1620730703.339', 83, 8, 6),
(717, 8519, '1612936935.98', 67, 9, 6),
(718, 4771, '1617329467.886', 88, 4, 4),
(719, 6994, '1620349139.546', 69, 5, 5),
(720, 8867, '1614867432.339', 75, 10, 6),
(721, 3125, '1614765873.892', 63, 5, 5),
(722, 5723, '1615474388.397', 99, 6, 5),
(723, 4327, '1616705155.712', 40, 5, 5),
(724, 6053, '1617564503.659', 82, 1, 4),
(725, 5926, '1616202917.087', 27, 8, 5),
(726, 7616, '1616282823.481', 45, 1, 4),
(727, 8755, '1613621691.931', 69, 2, 4),
(728, 6988, '1616277124.185', 9, 2, 5),
(729, 3952, '1612869729.093', 84, 5, 4),
(730, 1996, '1614132783.621', 94, 4, 6),
(731, 2525, '1620165669.091', 51, 6, 6),
(732, 5621, '1612805409.18', 47, 5, 4),
(733, 1839, '1621459743.714', 28, 9, 4),
(734, 9875, '1620168817.212', 21, 1, 4),
(735, 6744, '1616839562.603', 101, 10, 6),
(736, 5660, '1622271862.423', 12, 8, 4),
(737, 1053, '1616083263.852', 90, 5, 6),
(738, 7113, '1616544365.157', 9, 10, 5),
(739, 2389, '1617343379.266', 73, 4, 4),
(740, 1858, '1616535706.378', 101, 5, 4),
(741, 2781, '1616022779.684', 38, 5, 6),
(742, 4725, '1620901123.756', 45, 3, 6),
(743, 122, '1617074097.703', 92, 8, 5),
(744, 7458, '1620659426.587', 76, 4, 6),
(745, 3863, '1615771265.757', 87, 7, 4),
(746, 5972, '1614736882.668', 102, 7, 5),
(747, 1695, '1614952539.698', 33, 3, 6),
(748, 3782, '1619251300.546', 81, 7, 6),
(749, 7823, '1613136006.042', 58, 10, 4),
(750, 5000, '1618179796.249', 33, 4, 5),
(751, 6360, '1619955697.443', 41, 8, 5),
(752, 4192, '1614876314.231', 56, 1, 4),
(753, 706, '1612864707.543', 7, 7, 4),
(754, 2035, '1619927332.451', 37, 9, 6),
(755, 6827, '1614006887.519', 42, 5, 6),
(756, 7861, '1621216023.251', 81, 5, 5),
(757, 5102, '1617253073.872', 64, 2, 4),
(758, 9854, '1615631836.023', 29, 1, 6),
(759, 1300, '1619311800.913', 44, 2, 5),
(760, 2584, '1617697692.549', 37, 4, 5),
(761, 2140, '1617803468.312', 15, 1, 6),
(762, 8556, '1621779793.368', 66, 2, 5),
(763, 814, '1617865390.113', 33, 8, 4),
(764, 968, '1612858360.733', 92, 2, 4),
(765, 7156, '1620959353.52', 53, 5, 4),
(766, 6030, '1613370002.098', 49, 8, 5),
(767, 2799, '1620868233.942', 33, 7, 4),
(768, 504, '1615279157.665', 25, 8, 4),
(769, 3573, '1614151836.111', 12, 5, 4),
(770, 2174, '1618251217.827', 85, 6, 5),
(771, 9240, '1617374566.198', 88, 7, 4),
(772, 1455, '1621712317.592', 56, 1, 5),
(773, 4459, '1621233818.024', 48, 10, 4),
(774, 2033, '1620019352.69', 40, 6, 4),
(775, 8885, '1618858062.316', 30, 7, 5),
(776, 6654, '1614345488.41', 71, 1, 4),
(777, 5284, '1615305159.462', 60, 2, 6),
(778, 6536, '1614406700.8', 23, 5, 4),
(779, 3633, '1622143618.936', 80, 10, 5),
(780, 2250, '1618803450.007', 70, 2, 5),
(781, 7593, '1613863154.466', 35, 6, 6),
(782, 3844, '1621338646.482', 40, 6, 5),
(783, 2726, '1621845187.507', 68, 3, 4),
(784, 835, '1613351905.624', 35, 3, 5),
(785, 7925, '1615390668.629', 21, 9, 5),
(786, 530, '1617153417.664', 17, 10, 5),
(787, 3385, '1617944305.779', 97, 4, 5),
(788, 8137, '1616963162.842', 66, 9, 5),
(789, 1813, '1614411883.791', 48, 6, 4),
(790, 279, '1620048716.707', 52, 9, 4),
(791, 3503, '1620835342.64', 22, 1, 5),
(792, 4824, '1615593338.3', 97, 3, 6),
(793, 2436, '1614807201.111', 77, 8, 4),
(794, 5825, '1618841459.625', 22, 2, 5),
(795, 1909, '1618622332.89', 23, 6, 4),
(796, 7644, '1616144929.49', 83, 4, 4),
(797, 5500, '1617042860.435', 58, 3, 4),
(798, 4181, '1613207375.888', 70, 3, 5),
(799, 2907, '1620959839.027', 57, 6, 4),
(800, 8642, '1614127246.059', 77, 7, 6),
(801, 5384, '1617672024.046', 16, 8, 6),
(802, 4587, '1617233857.126', 22, 10, 5),
(803, 4293, '1612778236.189', 79, 8, 4),
(804, 3684, '1615031829.78', 31, 3, 5),
(805, 5681, '1618407777.133', 51, 7, 5),
(806, 3196, '1613093850.994', 28, 2, 6),
(807, 5103, '1616960440.876', 35, 6, 5),
(808, 1754, '1612378806.603', 78, 1, 4),
(809, 842, '1619459075.383', 75, 3, 5),
(810, 5373, '1616920450.375', 42, 10, 4),
(811, 812, '1620346014.473', 26, 3, 6),
(812, 2808, '1618473922.376', 31, 3, 4),
(813, 6495, '1612183191.461', 25, 6, 6),
(814, 7240, '1612984810.829', 46, 1, 4),
(815, 70, '1616767078.468', 62, 10, 4),
(816, 5566, '1614991455.322', 58, 7, 4),
(817, 4771, '1614474888.48', 98, 2, 4),
(818, 1198, '1622281811.687', 14, 5, 5),
(819, 7742, '1613347003.83', 11, 3, 5),
(820, 8375, '1612968654.304', 38, 5, 6),
(821, 3404, '1619516018.65', 70, 5, 5),
(822, 6314, '1617729481.194', 73, 2, 6),
(823, 1893, '1619621863.194', 93, 5, 6),
(824, 3639, '1620073353.831', 91, 8, 4),
(825, 5575, '1621768559.263', 29, 8, 4),
(826, 6171, '1615849095.706', 22, 6, 5),
(827, 8143, '1619717545.653', 32, 3, 6),
(828, 8438, '1616046008.849', 42, 4, 4),
(829, 403, '1613354924.234', 30, 9, 6),
(830, 1331, '1622190334.997', 32, 8, 6),
(831, 222, '1612385771.225', 39, 5, 5),
(832, 3591, '1617361550.059', 81, 1, 4),
(833, 6377, '1618603008.473', 69, 2, 5),
(834, 4219, '1617931189.532', 67, 8, 5),
(835, 5536, '1616769625.694', 67, 9, 4),
(836, 3553, '1621574652.433', 60, 5, 6),
(837, 7270, '1619145151.369', 28, 4, 4),
(838, 1937, '1621846567.481', 58, 3, 5),
(839, 4089, '1620529862.442', 9, 6, 4),
(840, 4424, '1621359838.681', 28, 5, 5),
(841, 6603, '1622153038.305', 37, 9, 5),
(842, 8850, '1619278963.384', 40, 7, 4),
(843, 5435, '1615926527.27', 44, 4, 5),
(844, 8023, '1620615983.163', 54, 9, 4),
(845, 6385, '1618245566.608', 56, 9, 5),
(846, 2709, '1616407756.225', 54, 7, 6),
(847, 2695, '1613967109.776', 30, 4, 6),
(848, 4579, '1613648371.854', 84, 10, 4),
(849, 5261, '1614698012.223', 83, 8, 5),
(850, 137, '1613937020.25', 33, 2, 5),
(851, 8484, '1613131409.688', 18, 7, 4),
(852, 1251, '1619645901.816', 84, 8, 6),
(853, 8835, '1614512717.328', 63, 3, 5),
(854, 7780, '1618029277.051', 58, 4, 5),
(855, 1635, '1614351450.871', 26, 6, 4),
(856, 7326, '1617107097.339', 65, 9, 6),
(857, 8889, '1614088723.347', 13, 1, 5),
(858, 5990, '1615334081.686', 26, 6, 4),
(859, 2551, '1618422745.573', 73, 5, 5),
(860, 8073, '1614407957.075', 11, 10, 5),
(861, 6832, '1621905067.289', 66, 4, 5),
(862, 481, '1613574846.736', 53, 2, 5),
(863, 8901, '1613515789.865', 67, 3, 5),
(864, 7632, '1622335306.453', 35, 7, 5),
(865, 5456, '1621856931.474', 45, 3, 4),
(866, 6915, '1615953644.726', 38, 2, 5),
(867, 8749, '1620821340.83', 8, 4, 6),
(868, 869, '1613930143.063', 99, 4, 4),
(869, 2356, '1619330967.012', 31, 10, 5),
(870, 5780, '1612883600.298', 64, 9, 5),
(871, 7031, '1620931861.063', 36, 9, 5),
(872, 7870, '1621323265.751', 76, 7, 6),
(873, 575, '1617989167.142', 65, 2, 4),
(874, 5197, '1618570556.693', 17, 3, 6),
(875, 9503, '1614603738.783', 65, 6, 4),
(876, 9510, '1617101436.219', 13, 2, 6),
(877, 8977, '1614679466.126', 77, 10, 5),
(878, 7873, '1615777736.515', 38, 10, 5),
(879, 9302, '1621416888.036', 46, 6, 5),
(880, 7564, '1622204542.338', 41, 4, 5),
(881, 2446, '1614367150.333', 70, 5, 5),
(882, 7150, '1615865098.591', 56, 7, 4),
(883, 3568, '1613412601.329', 59, 9, 4),
(884, 1034, '1612965223.801', 57, 5, 4),
(885, 8422, '1614157216.004', 47, 1, 5),
(886, 3670, '1614127885.499', 72, 1, 4),
(887, 2471, '1615179802.712', 46, 7, 6),
(888, 5822, '1618432552.324', 58, 8, 4),
(889, 755, '1622313117.809', 49, 5, 6),
(890, 8033, '1619920999.248', 19, 9, 4),
(891, 5521, '1612622581.351', 90, 6, 5),
(892, 6303, '1621058523.247', 65, 3, 6),
(893, 4610, '1620853233.883', 10, 1, 5),
(894, 8488, '1615137325.788', 40, 10, 6),
(895, 4656, '1621841606.007', 60, 1, 4),
(896, 7605, '1616026065.168', 80, 5, 6),
(897, 4214, '1613492239.472', 53, 7, 6),
(898, 4119, '1614896349.422', 36, 5, 4),
(899, 2354, '1614167566.175', 62, 1, 5),
(900, 3102, '1617626299.186', 101, 1, 5),
(901, 9076, '1621167994.912', 7, 10, 5),
(902, 9029, '1613820237.336', 69, 6, 5),
(903, 9759, '1618656891.009', 64, 5, 4),
(904, 8381, '1613207998.652', 69, 1, 5),
(905, 4951, '1613338602.988', 26, 1, 4),
(906, 7131, '1621138073.357', 43, 3, 4),
(907, 8460, '1613491454.548', 77, 7, 6),
(908, 1169, '1618309593.461', 95, 7, 4),
(909, 2040, '1619056364.148', 19, 2, 4),
(910, 4438, '1617132750.538', 66, 6, 4),
(911, 4141, '1613199957.04', 33, 10, 5),
(912, 1529, '1621666753.192', 93, 10, 6),
(913, 5977, '1622283402.025', 35, 8, 5),
(914, 3198, '1619725674.749', 85, 9, 4),
(915, 3278, '1620024953.938', 92, 9, 6),
(916, 9009, '1619793805.647', 86, 10, 4),
(917, 4947, '1615171305.969', 98, 3, 6),
(918, 9995, '1616260971.325', 83, 3, 4),
(919, 5080, '1621414997.196', 60, 3, 4),
(920, 6335, '1620331527.606', 37, 2, 4),
(921, 4994, '1620474961.894', 102, 5, 5),
(922, 8661, '1621517470.728', 25, 8, 4),
(923, 6227, '1616143962.052', 39, 10, 4),
(924, 877, '1615557325.363', 22, 3, 6),
(925, 5592, '1616230930.927', 100, 10, 6),
(926, 9440, '1616512641.06', 99, 1, 6),
(927, 9184, '1622293179.516', 47, 10, 4),
(928, 9130, '1618773843.549', 34, 9, 6),
(929, 2068, '1617324772.419', 29, 7, 6),
(930, 6384, '1616674957.55', 56, 8, 6),
(931, 6460, '1614969233.132', 14, 6, 4),
(932, 1033, '1620855390.998', 83, 4, 4),
(933, 4072, '1614559462.603', 14, 8, 5),
(934, 4609, '1615091955.545', 64, 2, 4),
(935, 9086, '1617218689.734', 14, 4, 5),
(936, 1915, '1621019811.295', 81, 7, 6),
(937, 172, '1620831737.056', 71, 7, 5),
(938, 9209, '1619765176.509', 35, 8, 4),
(939, 4737, '1617810257.571', 20, 3, 5),
(940, 7172, '1612528255.851', 50, 10, 4),
(941, 2984, '1619084027.105', 8, 2, 6),
(942, 9702, '1614908273.184', 11, 2, 5),
(943, 241, '1613433636.017', 40, 6, 4),
(944, 9225, '1614060687.131', 75, 5, 4),
(945, 7376, '1620395306.787', 102, 3, 5),
(946, 3916, '1621189493.054', 90, 10, 6),
(947, 9553, '1622271197.084', 90, 6, 4),
(948, 7112, '1614196593.704', 71, 2, 6),
(949, 5463, '1614531657.949', 62, 6, 4),
(950, 6816, '1614675558.4', 13, 2, 6),
(951, 6165, '1621492312.682', 30, 3, 4),
(952, 6251, '1612728369.716', 63, 10, 4),
(953, 177, '1612704353.001', 89, 9, 4),
(954, 6552, '1617560675.103', 9, 3, 5),
(955, 8671, '1618702126.186', 45, 10, 4),
(956, 7402, '1616809777.722', 54, 10, 5),
(957, 9261, '1613864143.179', 41, 1, 6),
(958, 2937, '1617633361.471', 83, 8, 4),
(959, 1984, '1612763162.889', 77, 7, 6),
(960, 1229, '1621042748.156', 55, 5, 4),
(961, 6002, '1614631713.846', 39, 8, 5),
(962, 3315, '1613796745.01', 79, 5, 5),
(963, 6316, '1612489184.258', 43, 2, 4),
(964, 3587, '1613939499.395', 56, 8, 5),
(965, 7053, '1618557607.833', 18, 4, 6),
(966, 5694, '1616600241.377', 75, 9, 4),
(967, 180, '1620689710.441', 21, 8, 6),
(968, 7194, '1619736711.718', 19, 5, 5),
(969, 4842, '1617412796.357', 44, 5, 6),
(970, 5114, '1613129455.495', 31, 7, 6),
(971, 4937, '1620520506.816', 74, 5, 5),
(972, 3855, '1618093412.087', 73, 10, 5),
(973, 6012, '1615366691.176', 87, 1, 6),
(974, 8737, '1615972116.142', 82, 4, 6),
(975, 190, '1613959768.093', 83, 3, 6),
(976, 7364, '1619400120.562', 25, 5, 6),
(977, 8029, '1615425973.764', 71, 8, 5),
(978, 248, '1617596697.134', 72, 7, 5),
(979, 9352, '1619623574.204', 101, 6, 4),
(980, 6366, '1620738765.981', 26, 5, 5),
(981, 7361, '1622010033.644', 59, 3, 4),
(982, 6800, '1614081527.89', 26, 3, 5),
(983, 3511, '1621122901.074', 99, 7, 4),
(984, 1799, '1620849930.515', 94, 6, 5),
(985, 8444, '1621150998.68', 51, 2, 6),
(986, 5147, '1617950198.979', 23, 3, 4),
(987, 2076, '1617930058.254', 68, 2, 4),
(988, 2452, '1614100671.218', 101, 8, 4),
(989, 1164, '1615892992.858', 63, 4, 5),
(990, 7650, '1621362980.618', 58, 5, 4),
(991, 8968, '1621934588.435', 78, 1, 6),
(992, 7081, '1615128721.065', 66, 4, 4),
(993, 4055, '1613957630.803', 27, 5, 4),
(994, 1783, '1615767410.97', 91, 5, 6),
(995, 6748, '1616884446.759', 73, 8, 4),
(996, 9352, '1614314669.72', 45, 1, 4),
(997, 5846, '1616671046.341', 97, 7, 4),
(998, 4720, '1616969323.114', 79, 4, 4),
(999, 4796, '1618070135.755', 74, 6, 6),
(1000, 1100, '1618833016.01', 83, 4, 4),
(1001, 234, '1622229668.453', 101, 9, 0),
(1002, 123, '1622229768.373', 102, 9, 0),
(1003, 123, '1622229768.373', 102, 9, 0),
(1004, 123, '1622229768.373', 102, 9, 0),
(1005, 12355, '1622229981.797', 101, 9, 0),
(1006, 555, '1622230234.741', 101, 9, 0),
(1007, 123, '1622230278.973', 102, 9, 0);

-- --------------------------------------------------------

--
-- Estructura de tabla para la tabla `procedure_types`
--

DROP TABLE IF EXISTS `procedure_types`;
CREATE TABLE IF NOT EXISTS `procedure_types` (
  `id` int NOT NULL AUTO_INCREMENT,
  `name` varchar(45) NOT NULL,
  `price` decimal(5,2) NOT NULL,
  PRIMARY KEY (`id`)
) ENGINE=InnoDB AUTO_INCREMENT=11 DEFAULT CHARSET=utf8mb4 COLLATE=utf8mb4_0900_ai_ci;

--
-- Volcado de datos para la tabla `procedure_types`
--

INSERT INTO `procedure_types` (`id`, `name`, `price`) VALUES
(1, 'Escritura Pública', '180.00'),
(2, 'Poder', '130.00'),
(3, 'Reconocimiento de firmas', '50.00'),
(4, 'Declaraciones Voluntarias', '50.00'),
(5, 'Carta Notarial', '180.00'),
(6, 'Acta Notarial', '180.00'),
(7, 'Copia Legalizada', '80.00'),
(8, 'Certificado de Vivencia', '80.00'),
(9, 'Protesto', '350.00'),
(10, 'Autorización de Viaje', '100.00');

-- --------------------------------------------------------

--
-- Estructura de tabla para la tabla `roles`
--

DROP TABLE IF EXISTS `roles`;
CREATE TABLE IF NOT EXISTS `roles` (
  `id` int NOT NULL,
  `name` varchar(45) COLLATE utf8_spanish2_ci NOT NULL,
  PRIMARY KEY (`id`)
) ENGINE=MyISAM DEFAULT CHARSET=utf8 COLLATE=utf8_spanish2_ci;

--
-- Volcado de datos para la tabla `roles`
--

INSERT INTO `roles` (`id`, `name`) VALUES
(1, 'ADMINISTRADOR'),
(2, 'NOTARIO'),
(3, 'TRANSCRIPTOR'),
(4, 'CLIENTE');

-- --------------------------------------------------------

--
-- Estructura de tabla para la tabla `users`
--

DROP TABLE IF EXISTS `users`;
CREATE TABLE IF NOT EXISTS `users` (
  `id` int NOT NULL AUTO_INCREMENT,
  `user_name` varchar(100) NOT NULL,
  `user_email` varchar(45) NOT NULL,
  `user_ci` varchar(45) NOT NULL,
  `user_last_name` varchar(45) NOT NULL,
  `password` varchar(100) NOT NULL,
  `id_roles` int NOT NULL,
  PRIMARY KEY (`id`),
  UNIQUE KEY `user_ci_UNIQUE` (`user_ci`),
  UNIQUE KEY `user_email_UNIQUE` (`user_email`)
) ENGINE=InnoDB AUTO_INCREMENT=103 DEFAULT CHARSET=utf8mb4 COLLATE=utf8mb4_0900_ai_ci;

--
-- Volcado de datos para la tabla `users`
--

INSERT INTO `users` (`id`, `user_name`, `user_email`, `user_ci`, `user_last_name`, `password`, `id_roles`) VALUES
(1, 'Fuad', 'fuadsalo@test.com', '23422234', 'Salomon', '123', 1),
(2, 'Jose Miguel', 'joseloms@gmail.com', '6388492', 'Subelza', '123', 1),
(3, 'Notaria', 'notaria14@notaria14.com', '17993686', '14', '123', 2),
(4, 'Transcriptor', 'transcriptor1@notaria14.com', '33308283', '1', '123', 3),
(5, 'Transcriptor', 'transcriptor2@notaria14.com', '10731894', '2', '123', 3),
(6, 'Transcriptor', 'transcriptor3@notaria14.com', '10755291', '3', '123', 3),
(7, 'Deborah', 'Ut.tincidunt@egetmollis.org', '15763145', 'Downs', '', 4),
(8, 'Felix', 'rutrum@nonummyut.net', '36514412', 'Hogan', '', 4),
(9, 'Gemma', 'Nunc.pulvinar@sempea.com', '12195375', 'Pitts', '', 4),
(10, 'Jeanette', 'Nulla@bibendumullamcorper.com', '46485842', 'Best', '', 4),
(11, 'Xander', 'eu@lectusasollicitudin.org', '50493000', 'Hinton', '', 4),
(12, 'Knox', 'mollis@a.com', '18110693', 'Patrick', '', 4),
(13, 'Steel', 'arcu@risusDonecnibh.edu', '17507052', 'Gibbs', '', 4),
(14, 'Mara', 'odio@facilisis.edu', '5669191', 'Burks', '', 4),
(15, 'Karly', 'aliquam.adipiscing.lacus@dui.co.uk', '18916916', 'Cherry', '', 4),
(16, 'Leroy', 'Nullam.vitae.diam@enim.co.uk', '25692900', 'Shaw', '', 4),
(17, 'Otto', 'cursus.Integer@ut.com', '39569819', 'Sharpe', '', 4),
(18, 'Noah', 'interdum@temporerat.com', '9751394', 'Curry', '', 4),
(19, 'Lee', 'lacus@Cras.com', '27062376', 'Estes', '', 4),
(20, 'Ray', 'diam@feugiat.net', '49709755', 'Hodge', '', 4),
(21, 'Uriel', 'fermentum.convallis.ligula@egestas.org', '8506573', 'Reed', '', 4),
(22, 'Herrod', 'Sed@sitametdapibus.edu', '43730242', 'Patterson', '', 4),
(23, 'Kendall', 'orci.lobortis.augue@pede.ca', '5294548', 'Mccoy', '', 4),
(24, 'Ferris', 'sollicitudin.a@tristiquesenectus.edu', '46980554', 'Perry', '', 4),
(25, 'Lael', 'malesuada@mieleifend.org', '20853943', 'Cook', '', 4),
(26, 'Kristen', 'risus@volutpat.net', '9756550', 'Hewitt', '', 4),
(27, 'Imani', 'velit.eu.sem@euplacerat.co.uk', '26094193', 'Blanchard', '', 4),
(28, 'Mariam', 'ornare.libero.at@laoreetlibero.net', '37885833', 'Holmes', '', 4),
(29, 'Lionel', 'interdum@utsemNulla.net', '7550625', 'Hopkins', '', 4),
(30, 'Medge', 'lorem.semper@cursus.com', '24329350', 'Perez', '', 4),
(31, 'Dora', 'suscipit.est@ecnibh.co.uk', '14419357', 'Charles', '', 4),
(32, 'Blaine', 'gravida@magnaatortor.net', '24173395', 'Brown', '', 4),
(33, 'Ivana', 'ac@risus.com', '50622944', 'Stuart', '', 4),
(34, 'Lev', 'velit.eu@enimCurabiturmassa.net', '11723661', 'Goodman', '', 4),
(35, 'Lael', 'vel@Craseutellus.ca', '35667391', 'Valdez', '', 4),
(36, 'Micah', 'ultrices.sit.amet@netuset.ca', '47139024', 'Cooper', '', 4),
(37, 'Cole', 'egestas@ipsumdolorsit.edu', '5835681', 'Bishop', '', 4),
(38, 'Adrian', 'hendrerit@purusgra.net', '45575034', 'Parker', '', 4),
(39, 'Sandra', 'a@egetmetus.co.uk', '37070107', 'Leach', '', 4),
(40, 'Fuller', 'ipsum.nunc.id@ipsum.co.uk', '37272166', 'Chang', '', 4),
(41, 'Maris', 'Nam.interdum@faucibusMorbi.org', '18057956', 'Lloyd', '', 4),
(42, 'Darryl', 'ipsum@Phasellus.co.uk', '28933322', 'Cooke', '', 4),
(43, 'Brenna', 'dolor@condimentumeget.co.uk', '16784830', 'Anderson', '', 4),
(44, 'Branden', 'vehicula.risus@temporar.net', '15405214', 'Greene', '', 4),
(45, 'Rooney', 'ligula@Utsagittis.ca', '29908182', 'Ruiz', '', 4),
(46, 'Astra', 'laoreet@pretiumaliquet.com', '24364819', 'Ratliff', '', 4),
(47, 'Gay', 'hendrerit.id@Curae.edu', '16647283', 'Holman', '', 4),
(48, 'Fiona', 'Aliquam.erat.volutpat@orci.net', '45439125', 'Durham', '', 4),
(49, 'Lydia', 'a@nunc.net', '20125789', 'Walton', '', 4),
(50, 'Ezra', 'ut.dolor@quis.co.uk', '14342755', 'Young', '', 4),
(51, 'Griffin', 'Quisque.imperdiet@Nam.net', '12872111', 'Bird', '', 4),
(52, 'Neil', 'sed.dictum.eleifend@narelectus.net', '21538868', 'Keith', '', 4),
(53, 'Kirestin', 'interdum.Sed.auctor@id.net', '12809262', 'Levy', '', 4),
(54, 'Eagan', 'Nam.nulla.magna@egetipsum.org', '48971247', 'Mccray', '', 4),
(55, 'Mohammad', 'lectus.ante@ante.edu', '50597586', 'Humphrey', '', 4),
(56, 'Leonard', 'et.magna.Praesent@purusac.net', '50281934', 'Kidd', '', 4),
(57, 'Gray', 'lectus.sit.amet@nibhenimgravida.net', '29340244', 'Rowe', '', 4),
(58, 'Cade', 'eu@Proinnislsem.ca', '14503074', 'Martinez', '', 4),
(59, 'Oleg', 'ipsum@eunequepellentesque.org', '28782822', 'Ford', '', 4),
(60, 'Kennedy', 'mus@nunc.com', '7606618', 'Zimmerman', '', 4),
(61, 'Pamela', 'consectetuer@sras.com', '38335619', 'Burt', '', 4),
(62, 'Flavia', 'lacinia@Phasellusataugue.edu', '23138283', 'Douglas', '', 4),
(63, 'Tiger', 'sed.leo.Cras@nuncid.com', '11747478', 'Terry', '', 4),
(64, 'Tiger', 'dictum.Proin@arcu.com', '39644495', 'Doyle', '', 4),
(65, 'Reece', 'metus@aliquet.edu', '43645974', 'Parks', '', 4),
(66, 'Nehru', 'Phasellus@nec.com', '33226397', 'Melendez', '', 4),
(67, 'Kaden', 'egestas.Aliquam@Proin.edu', '43087110', 'Mcintosh', '', 4),
(68, 'Dominic', 'vulputate.nisi@congueelit.edu', '39318667', 'Whitley', '', 4),
(69, 'Myles', 'ipsum.dolor@ac.ca', '20950787', 'Reed', '', 4),
(70, 'Zoe', 'ligula.consectetuer@ipsum.edu', '24185242', 'Gamble', '', 4),
(71, 'Byron', 'nunc@tellusjustosit.co.uk', '13551625', 'Cummings', '', 4),
(72, 'Jarrod', 'massa@faucibusleoin.org', '42910479', 'Grimes', '', 4),
(73, 'Melinda', 'Quisque.porttitor@etcommodoat.org', '8840313', 'Lyons', '', 4),
(74, 'Laurel', 'urna.Ut.tincidunt@nisi.co.uk', '22892333', 'Lawson', '', 4),
(75, 'Abdul', 'Fusce.dolor.quam@lacusUtnec.com', '29454301', 'Mcgowan', '', 4),
(76, 'Lionel', 'Curabitur@accumsanconvallis.com', '49640608', 'Pearson', '', 4),
(77, 'Candace', 'magnis@vehicularisus.org', '17725029', 'Le', '', 4),
(78, 'Maite', 'Sed@purus.net', '43586793', 'Church', '', 4),
(79, 'Cedric', 'natoque.penatibus.et@Duis.ca', '13407130', 'Fry', '', 4),
(80, 'Brynne', 'ac.nulla@duiCumsociis.com', '24243502', 'Pitts', '', 4),
(81, 'Chase', 'nec.euismod.in@nec.edu', '48216019', 'Gentry', '', 4),
(82, 'Whitney', 'sit.amet.nulla@tuset.com', '43032930', 'Tucker', '', 4),
(83, 'Reuben', 'pharetra.felis@vulputatelacus.net', '40657780', 'Hanson', '', 4),
(84, 'Briar', 'consequat@non.ca', '31133329', 'Rivers', '', 4),
(85, 'Hyatt', 'purus.gravida@egestas.net', '44191265', 'Pate', '', 4),
(86, 'Bradley', 'mattis.Cras.eget@Proinvel.net', '33068145', 'Robertson', '', 4),
(87, 'Clementine', 'Proi@maurisipsum.co.uk', '49564617', 'Bush', '', 4),
(88, 'Lara', 'vitae@pharetrased.co.uk', '13411748', 'Hendrix', '', 4),
(89, 'Bevis', 'dolor.Nulla.semper@magna.ca', '19322782', 'Hoover', '', 4),
(90, 'Kameko', 'accumsan@euodioPhasellus.co.uk', '39447144', 'Grant', '', 4),
(91, 'Wesley', 'felis.ullamcorper@Proinvelit.org', '29241847', 'Nichols', '', 4),
(92, 'Rinah', 'vitae@primis.net', '26815948', 'Garrison', '', 4),
(93, 'Molly', 'nunc@Donec.edu', '14500317', 'Banks', '', 4),
(94, 'Bruno', 'nunc.est.mollis@fringillaest.edu', '7760505', 'Foley', '', 4),
(95, 'Shaeleigh', 'quam@arcuVestibulum.edu', '43806259', 'Hyde', '', 4),
(96, 'Akeem', 'Phasellus@sapien.co.uk', '48145334', 'Garrett', '', 4),
(97, 'Chadwick', 'pretium@nisidictum.org', '29842717', 'Buck', '', 4),
(98, 'Dean', 'nec.eleifend.non@imperdiet.ca', '9803207', 'Sanchez', '', 4),
(99, 'Raja', 'Quisque@Suspendisse.ca', '24306465', 'Schroeder', '', 4),
(100, 'Brennan', 'Donec@antebiben.com', '49883796', 'Jackson', '', 4),
(101, 'Bevis', 'et.libero.Proin@vulputate.org', '37091344', 'Tran', '', 4),
(102, 'Ariel', 'arcu@NullamnislMaecenas.edu', '14295118', 'Petty', '', 4);
COMMIT;

/*!40101 SET CHARACTER_SET_CLIENT=@OLD_CHARACTER_SET_CLIENT */;
/*!40101 SET CHARACTER_SET_RESULTS=@OLD_CHARACTER_SET_RESULTS */;
/*!40101 SET COLLATION_CONNECTION=@OLD_COLLATION_CONNECTION */;
